base_case,related_case
008447,072495
008447,082291
008447,004851
008447,049315
067501,038025
067501,072553
007627,003575
007627,043211
006769,026334
006769,024601
006769,041486
006769,078078
006769,073783
007876,049074
007876,041348
007876,017692
007876,068329
007876,029208
007876,072519
007876,087467
078422,031401
078422,075634
000123,070355
000123,096407
000123,045155
000123,020963
043774,014329
043774,096640
043774,093357
043774,035585
043774,090567
043774,021663
043774,053239
043774,065661
031183,050912
031183,051897
031183,083148
039087,066648
039087,088448
039087,021667
008653,093015
008653,031152
008653,035854
008653,088175
008653,061597
030394,091768
030394,041061
043815,014414
043815,027652
043815,020799
043815,029200
043815,044040
053848,055840
053848,071286
053848,073452
053848,095732
053848,077168
053848,050469
053848,026671
053848,009650
053848,017129
076001,087186
076001,034187
076001,023747
076001,055411
076001,050745
076001,094500
001499,033946
006704,069135
006704,011684
006704,044811
068182,026707
068182,006944
068182,008214
031284,067786
031284,028396
031284,049347
046467,009609
046467,040356
004108,092148
040560,062628
037117,035854
037117,009539
037117,012896
037117,099474
037117,035266
037117,092922
037117,087186
037117,077780
037117,085677
016618,061992
016618,086941
016618,090357
016618,099474
016618,011462
016618,013267
016618,027284
016618,004347
016618,079263
016618,069171
016618,028499
016618,021169
088711,020257
088711,004518
088711,041037
088711,059878
078681,092592
039421,091970
039421,066996
039421,047838
039421,079611
039421,035585
039421,018827
039421,034220
039421,066415
039421,052354
070711,079842
050190,034501
050190,018210
050190,048176
050190,022934
050190,048414
050190,072753
050190,067468
050190,059961
060807,024582
060807,015059
060807,039485
060807,032809
060807,028687
060807,033995
060807,089357
060807,063427
060807,096103
060807,032510
046017,066237
046017,041032
046017,022244
046017,097421
046017,067848
093016,057165
093016,057133
093016,019313
093016,052576
093016,020257
093016,012898
093016,005229
093016,044480
093016,002348
093016,028517
093016,066554
093016,004518
093016,019814
093016,030134
093016,010846
093016,012978
093016,064960
093016,099591
093016,038307
093016,060945
093016,015880
071236,072851
008771,081898
008771,029559
008771,010089
008771,046750
008771,023919
008771,071802
008771,091926
008771,096252
008771,050890
087599,066415
087599,056127
087599,077069
009186,085320
009186,084418
009186,030619
038947,040685
046489,064729
046489,052202
015031,016051
015031,049878
015031,032867
074582,016528
074582,033255
074582,014587
074582,043388
074582,082664
000092,085296
000092,040661
000092,055972
000092,093174
000092,010101
000092,007418
000092,094249
089555,041865
089555,095534
089555,051335
089555,081862
089555,029460
089555,023581
089555,035551
089555,023475
089555,071113
089555,074324
089555,005778
057136,040971
015966,084816
015966,012520
015966,003836
015966,049219
015966,053355
015966,035469
015966,012304
083086,000981
083086,035585
083086,037340
083086,061578
083086,053239
083086,065661
083086,006951
007135,038112
007135,056251
007135,047681
066194,081206
066194,026970
066194,077831
066194,051354
066194,050927
066194,030530
066194,002428
066194,086928
066194,007418
066194,092405
066194,034038
066194,094249
066194,051831
079913,034034
076990,022845
076990,026214
092332,058376
092332,044480
092332,028517
092332,030134
024157,057925
024157,080607
024157,051847
024157,097435
085841,092169
085841,035585
085841,055091
085841,010026
085841,071209
085841,094438
085841,007701
085841,065661
085841,088914
069872,045210
007667,058602
007667,051489
007667,067215
007667,032139
024481,069951
024481,099935
024481,040279
024481,098967
024481,032771
024481,038936
024481,080237
098226,081898
098226,086941
098226,086025
098226,034951
098226,089102
098226,099474
098226,011815
098226,094500
060686,064359
060686,037187
060686,036471
060686,006014
060686,039155
060686,004691
060686,068773
060686,021610
060686,079659
060686,007593
060686,063662
060686,072682
060686,067437
099856,079743
099856,046441
058009,009347
058009,013551
058009,042352
058009,010309
058009,066695
058009,061827
058009,038112
058009,034071
058009,029460
058009,093846
058009,080607
058009,046880
058009,065035
058009,063358
058009,062770
001510,091970
001510,066996
001510,064438
001510,063878
001510,081391
001510,068174
001510,017363
069976,001833
069976,090043
069976,006495
069976,008163
069976,012902
069976,060111
069976,079447
069976,002847
069976,065685
069976,042678
069976,009279
069976,041998
004541,060104
004541,055056
004541,016536
004541,033911
004541,033470
004541,085126
004541,038112
004541,064033
004541,067951
004541,077578
004541,015599
004541,052417
077380,094835
077380,089233
077380,019947
029645,007516
029645,021873
029645,086832
068503,034756
068503,032277
068503,072369
068503,063193
015327,014041
015327,096849
014909,072519
014909,078369
014909,086694
022731,019492
070873,004094
070873,069962
070873,094571
070873,089668
070873,054495
024648,051691
024648,012366
024648,038112
055208,077954
055208,066483
042691,090455
042691,063164
005409,031569
005409,026045
005409,072981
007137,001960
007137,000522
075527,030488
075527,005954
075527,031859
075527,022457
075527,038662
075527,057609
075527,058104
075527,090512
061651,008428
061651,025393
061651,054641
061651,009539
061651,004347
081919,029181
081919,015669
081919,041470
040239,030997
040239,034220
040239,027355
040239,038019
062436,092894
062436,093166
062436,016458
062436,038682
062436,004608
062436,009539
062436,088055
062436,081928
062436,085026
062436,099474
062436,053331
062436,040348
062436,087186
062436,048319
062436,058208
062436,005464
062436,060474
062436,094500
087285,072229
087285,090395
087285,046944
087285,093357
087285,035585
087285,090567
087285,021721
087285,014647
087285,071209
087285,053239
087285,065661
087285,079981
079028,027586
079028,034428
079028,037436
079028,053270
079028,060128
079028,029875
076491,072019
076491,064829
076491,041185
076491,068664
076491,059827
076491,038112
076491,002428
076491,003252
076491,029440
076491,008578
076491,087791
076491,054527
076491,051831
076491,050183
046080,050953
046080,086263
046080,080237
026213,004691
000669,098609
000669,087670
000669,083858
000669,010276
096028,075142
096028,038871
099898,051636
099898,064582
017391,079659
017391,032510
017391,075103
015161,059970
015161,037505
015161,076600
015161,091067
015161,073452
015161,084048
015161,031095
015161,057673
015161,020542
015161,097100
015161,061169
015161,070393
015161,028576
069092,038112
069092,077578
011450,022561
011450,003798
011450,079731
011450,014803
070433,011370
070433,091692
070433,062174
076365,059345
055693,095461
098576,069386
098576,078873
056717,005496
056717,099538
056717,095229
037710,060255
036162,092592
036162,062414
036162,065992
092224,030367
092224,084048
092224,021696
092224,020968
079208,044332
079208,091511
079208,066471
079208,083827
079208,089360
079208,027813
079208,002706
060780,041352
060780,059608
035213,044285
035213,031152
035213,051912
035213,035854
035213,052576
035213,026825
035213,030458
035213,053474
035213,076161
035213,031217
035213,059336
035213,072753
035213,085369
035213,058804
035213,016874
035213,096919
035213,061597
000447,065232
000447,056218
000447,075123
017471,042352
017471,052328
017471,045665
017471,088833
017471,081702
017471,062174
017471,074142
046478,014725
046478,058794
046478,095689
046478,066833
046478,016954
046478,057636
031641,043418
031641,024582
031641,076221
031641,060019
015420,001616
015420,091780
015420,083457
015420,066695
015420,015778
097277,065768
097277,058278
097277,081305
097277,088713
097277,093615
097277,081548
097277,095095
097277,088926
097277,087759
097277,033911
097277,091780
097277,083457
097277,033320
097277,097594
097277,051401
097277,040499
097277,047647
097277,072700
097277,040067
097277,041201
097277,088533
097277,067744
097277,018032
097277,049366
097277,063561
004700,018967
004700,061239
004700,057786
096651,056454
096651,097876
057424,041603
056962,092356
056962,093166
056962,097564
056962,008663
056962,038425
056962,058208
056962,052112
056962,066957
056962,089803
056962,044040
064109,020223
064109,099307
064109,028105
022931,025354
022931,020257
022931,024605
022931,045665
022931,034775
014007,022418
080737,059531
080737,042328
080737,081289
045787,063387
045787,002745
045787,038112
045787,075670
045787,020291
045787,009670
045787,051144
065680,082672
065680,038765
065680,065051
065680,007419
065680,072170
065680,086385
065680,085556
065680,078407
003865,025381
003865,001591
003865,097996
003865,065408
005830,024935
022361,006014
080480,005889
080480,022604
080480,013848
080480,092179
080480,094342
001884,021610
001884,079659
001884,029760
001884,012181
001884,094400
048500,073273
048500,036826
048500,094066
048500,041423
048500,058188
056909,018833
095431,035205
095431,077140
095431,093357
095431,035585
095431,090567
095431,053158
095431,068174
095431,071209
095431,061295
095431,053239
095431,065661
095431,079981
095431,052370
002760,008321
002760,065916
002760,011677
002760,085456
012713,067164
012713,030734
012713,058076
014411,083775
080529,013534
080529,086481
080529,063186
080529,099055
040801,089244
079849,050912
079849,001281
096695,016850
096695,027933
016293,073273
016293,028118
084828,023747
062926,090476
027864,036531
027864,040992
027864,007419
027864,039373
027864,037317
027864,019496
027864,071882
027864,026652
027864,086745
027864,040203
027864,049257
027864,089764
098780,086040
098780,041848
003218,012060
003218,038112
003218,084418
081689,067168
081689,025319
042705,010468
042705,014480
042705,068398
042705,050144
087773,021972
087773,024605
087773,053716
003595,050204
078779,061971
078779,068398
078779,037152
078779,053532
078779,099307
078779,029395
049423,082571
049423,075535
049423,004125
049423,010465
049423,018504
049423,088403
049423,027457
049423,060867
016058,026731
016058,055484
016058,021953
016058,022849
062394,012573
062394,057080
062394,002406
062394,007233
062394,012898
062394,072299
062394,099452
062394,086303
062394,006469
062394,028499
062394,023501
062394,057835
062394,012304
041233,063525
041233,043539
041233,074924
037440,006303
037809,070496
037809,042421
037809,010599
037809,067550
037809,013267
037809,048154
037809,039066
083342,064675
083342,031646
083342,068773
083342,003975
083342,021610
083342,054846
083342,079659
083342,079354
083342,031680
083342,045915
083342,058251
037853,082255
037853,003311
037853,016900
037853,087350
037853,088155
037853,026349
037853,014585
037853,029126
037853,040992
037853,090625
037853,054327
037853,047587
037853,045406
037853,094501
037853,038112
037853,078765
037853,003467
037853,081039
037853,026121
037853,031230
037853,002473
037853,085637
037853,073803
037853,015366
037853,052738
037853,006776
037853,036643
037853,035030
037853,060207
037853,021885
037853,027878
099187,058692
099187,050603
099187,026349
099187,048578
099187,073684
099187,043243
099187,071367
099187,022090
099187,064754
099187,045406
099187,033974
099187,024601
099187,020797
099187,038112
099187,070826
099187,094282
099187,065240
099187,015701
099187,026706
099187,039140
099187,028861
099187,070362
099187,073662
099187,057702
099187,049030
099187,073803
099187,068759
099187,043526
099187,006776
099187,061484
099187,091807
099187,019341
099187,018205
099187,094096
064936,067010
064936,076107
064936,021610
064936,079659
064936,045649
064936,016842
064936,036442
064936,012181
006909,092356
006909,038396
006909,018993
006909,017172
006909,037229
006909,048695
006909,060859
006909,066957
079672,088007
079672,061223
079672,055707
079672,039060
073494,087835
073494,034501
073494,096640
073494,046944
073494,035585
073494,017246
073494,090567
073494,010026
073494,017143
073494,023710
073494,027823
073494,068174
073494,093916
073494,025478
073494,094438
073494,006380
073494,061295
073494,065661
005862,011052
005862,057605
005862,028783
005862,060064
005862,051096
005862,034428
069632,073416
069632,087221
069632,051489
069632,034289
069632,025444
069632,057031
069632,032139
069632,005497
069632,014294
064402,065125
020453,083541
020453,092622
020453,039818
020453,060737
020453,018723
020453,014290
054027,005246
054027,057153
054027,067171
054027,095143
054027,097751
052766,095985
052766,002351
076969,029524
076969,090475
076969,001591
076969,095961
076969,079771
076969,097996
076969,062942
023818,000986
046310,041530
046310,038059
048771,038112
048771,026070
052909,054298
052909,035205
052909,011922
052909,093357
052909,090567
052909,040381
052909,072753
052909,061295
052909,065661
052909,079981
052909,059961
079200,089459
053170,001100
053170,070488
053170,063870
091318,045413
091318,079111
091318,008365
055546,021610
011121,048203
011121,066227
011121,029597
011121,086229
011121,082201
011121,054641
011121,009539
011121,088055
011121,038112
011121,091926
011121,013267
011121,026601
011121,028499
011121,005578
011121,012304
011121,021169
011121,070035
039086,072553
018440,038112
018440,092038
050528,033767
050528,058858
050528,062528
086222,081945
086222,024507
086222,014294
086222,015521
086222,021169
043523,052979
098080,067351
028359,084314
028359,063593
028359,086958
028359,003746
028359,052737
028359,033460
028359,054846
028359,023034
028359,068408
028359,008087
028359,030637
028359,055856
028359,019130
097926,089833
097926,044769
097926,031572
097926,006980
097926,097421
097926,078213
097926,086440
097926,070724
072112,074101
072112,080114
072112,003746
072112,033460
072112,076089
072112,077014
072112,013592
072112,051401
072112,078725
072112,059174
072112,079847
072112,085637
072112,017370
072112,093185
072112,077592
086250,010276
057595,019001
057595,036711
057595,078061
057595,074363
057595,079653
057595,067664
057595,066270
057595,083148
057595,047674
057595,033043
057595,085986
057595,089953
013201,001671
043843,037860
043843,025461
071437,027629
071437,013100
071437,093407
071437,058882
080552,028253
080552,061119
048477,041277
056963,024771
056963,031547
078211,061303
036579,089833
036579,044769
036579,096567
036579,064183
036579,073752
036579,078213
036579,067843
036579,087093
036579,086440
036579,070724
031532,034677
031532,097291
031532,047555
060404,015505
060404,098265
060404,069065
060404,077876
097961,067234
097961,072229
097961,035205
097961,032566
097961,035585
097961,072753
097961,059973
097961,065661
097961,051398
064116,021842
064116,093948
064116,072847
064116,068066
064116,038936
064116,012146
064116,028352
064116,000789
073640,019211
073640,034707
073640,006086
073640,048338
016438,026334
016438,033345
016438,073772
016438,097343
000085,047032
000085,038007
000085,061172
052474,064055
052474,015119
090936,081898
090936,061880
090936,021122
090936,086941
090936,089102
090936,099474
090936,040729
090936,016278
069675,068573
069675,066277
069675,086907
069675,079841
099551,035956
099551,060128
096679,044691
096679,091780
096679,013514
072292,012280
072292,076899
072292,089187
028914,053752
028914,041138
028914,060316
028914,085845
028914,087042
028914,096310
028914,003640
098605,007376
098605,006086
098605,059608
098605,011651
048696,015998
048696,034911
048696,007465
048696,038112
048696,090246
048696,020678
048696,026814
048696,055856
037011,084880
037011,011434
037011,095979
037011,093139
069228,042352
069228,001454
069228,029460
069228,093846
069228,046880
069228,063358
069228,062770
069228,077413
038962,006014
038962,068773
038962,079659
038962,007593
038962,067437
011447,026403
093729,034373
093729,094008
093729,030530
093729,090503
093729,063237
093729,094249
093729,018603
092346,020537
050332,043935
050332,092292
050332,049239
050332,047371
050332,097689
050332,086995
050332,068864
050332,001354
050332,035406
050332,015764
050332,062748
050332,040152
050332,063059
051749,052082
051749,037354
051749,080219
005628,067651
005628,076132
005628,075806
005628,014806
005628,021370
005628,094232
005628,071209
005628,053239
005628,049096
060653,033232
060653,078061
060653,091938
020351,002409
020351,000525
020351,032342
020351,002388
063855,015565
063855,015827
063855,099037
063855,024010
063855,031217
063855,061210
063855,086303
063855,021520
019821,009539
019821,094098
076286,010101
076286,092405
065642,062143
065642,070665
026998,020308
026998,026724
026998,023110
012796,059299
012796,051739
012796,018950
012796,026075
012796,006552
012796,002964
061781,076223
061781,094249
061781,043333
052170,054364
052170,043947
052170,003206
052170,003487
052170,069516
052170,018618
052170,028499
052170,098808
052170,059241
052170,068880
077071,012695
077071,029800
077071,035956
077071,093032
077071,045526
072315,038112
072315,085320
072315,040398
072315,068577
072315,061027
072315,074195
072315,038270
072315,084418
010822,006102
010822,054190
010822,093192
010822,060737
010822,038049
010822,068060
010822,014290
010822,027816
000393,021867
000393,066957
093206,022025
093206,084866
000418,091141
000418,008976
000418,038483
000418,054431
000418,025649
000418,096512
000418,048645
000418,060904
000418,070677
000418,006944
000418,039109
084496,090807
035016,047066
035016,020904
035016,075833
035016,028229
035016,016280
035016,028675
035016,069763
011976,057285
011976,034289
011976,026344
011976,016648
011976,002847
011976,098441
011976,051831
003263,061119
003263,015764
079235,082672
079235,004200
079235,024361
079235,085285
079235,038765
079235,004657
079235,041138
079235,034717
079235,060439
079235,010115
080908,032401
080908,017306
080908,061931
080908,059544
080908,076881
080908,052706
080908,087927
057543,046350
057543,008311
057543,024156
059429,001919
059429,086090
059429,023524
059429,097584
035550,021893
035550,034519
035550,041470
024224,022939
024224,031152
024224,051912
024224,035854
024224,052576
024224,097906
024224,030458
024224,076161
024224,015523
024224,020418
024224,085369
024224,061597
071899,081898
071899,016332
071899,038112
071899,086907
071899,029206
071899,097421
071899,076758
071899,048154
071899,014670
087884,068398
083380,087824
083380,093046
026056,031575
026056,055456
026056,044526
026056,067942
026056,038211
026056,042101
034622,068338
034622,024210
034622,002744
034622,014202
034622,085414
034622,028861
034622,024142
034622,093540
034622,056841
034622,005654
034622,036643
034622,002872
026686,059136
041961,096567
041961,092592
041961,094354
094946,034501
094946,068174
094946,049668
094946,061295
060931,090050
060931,068800
060931,018712
034867,030703
034867,056441
034867,032442
034867,040962
034867,075753
034867,056251
073337,024008
069868,096150
069868,004691
069868,041185
069868,076107
069868,021610
069868,079659
069868,008777
069868,011018
069868,012181
039621,037668
039621,077140
039621,026507
039621,046944
039621,066993
039621,097928
039621,013853
039621,071209
039621,013657
039621,053239
039621,065661
046266,085628
046266,061981
046266,055357
046266,034615
046266,095154
046266,058592
019591,041865
019591,090623
019591,099295
019591,015740
019591,015599
017738,088007
017738,047720
017738,006312
017738,076964
017738,071433
060425,073273
060425,058188
015997,060713
015997,057395
015997,021528
015997,057293
015997,046900
015997,091498
015997,002997
015997,077780
015997,001867
015997,076627
024927,074963
099124,064350
099124,097564
099124,020739
099124,078784
099124,013522
023005,019211
076138,076567
076138,082201
076138,010903
076138,004347
076138,028842
076138,066957
024409,021416
061129,033251
023554,094151
048230,021578
048230,098417
029207,085296
029207,088958
029207,055972
029207,038641
029207,027526
029207,073675
029207,018629
029207,049691
029207,094249
029207,048634
082829,050036
082829,049237
082829,010167
082829,048903
082829,078207
097067,091411
065028,051530
065028,078117
065028,023376
065028,088955
065028,029722
065028,061564
065028,081901
065028,030679
082790,072417
082790,055631
082790,053868
055968,075669
061177,004523
061177,010648
061177,018571
061177,001556
008173,043318
008173,080697
073660,066361
073660,075395
073660,061767
078150,001758
022093,066996
022093,031929
022093,035205
022093,022190
022093,014329
022093,039764
022093,031152
022093,035854
022093,046944
022093,093357
022093,000251
022093,035585
022093,057381
022093,029460
022093,032785
022093,093916
022093,061295
022093,010679
022093,065661
022093,032510
022093,055749
022093,060970
022093,088702
025322,060487
025322,034245
025322,054086
004066,026234
004066,070148
004066,094505
004066,037492
004066,041791
004066,023842
004066,017464
004066,053700
004066,005654
004066,070768
004066,025584
004066,040770
042740,015438
042740,011895
031822,060104
031822,088554
031822,078725
031822,067951
013611,092149
013611,008428
013611,044499
013611,090295
013611,041486
013611,019931
013611,001270
013611,024142
013611,061169
013611,078078
013611,078873
013611,035125
013611,087175
013611,081825
013611,073783
093057,072659
061521,020000
081675,044499
081675,003096
081675,031131
081675,038112
081675,058229
081675,034766
081675,081039
081675,012651
081675,021971
081675,060019
002314,093166
002314,004608
002314,042911
002314,058208
089448,024361
089448,038005
089448,088253
089448,012034
089448,034079
089448,051895
089448,092295
089448,078407
069510,014202
069510,088051
066101,078407
052702,008572
052702,001806
052702,032401
052702,094252
052702,080700
052702,061931
052702,093767
052702,089334
052702,076881
052702,073641
052702,087927
052702,060128
062618,013483
071181,035585
071181,013657
071181,065661
071181,067468
071181,098954
061878,008666
061878,017289
061878,028041
061878,039764
061878,069400
061878,038112
061878,029460
061878,044922
061878,075670
061878,007287
061878,051144
021820,038112
021820,026045
021820,041150
021820,037612
021820,094096
072069,059519
056205,045835
077346,049882
073405,014981
002449,027881
002449,038112
076685,046867
076685,044746
076685,081039
076685,067737
076685,094522
076685,046148
076685,035030
076685,075103
076685,060019
015020,018123
015020,032927
015020,024378
015020,072582
015020,007777
015020,054886
015020,094142
015020,038112
015020,088955
015020,073842
015020,075182
015020,000028
015020,037838
015020,042106
056342,085285
056342,086941
056342,040642
056342,007419
056342,086385
056342,034926
056342,090357
056342,069171
056342,078407
067125,037668
067125,093357
067125,035585
067125,010026
067125,003117
067125,010679
067125,053239
067125,065661
069739,092356
069739,074499
069739,020799
069739,066957
069739,046531
069739,088786
065127,067472
065127,038112
065127,046879
065127,055707
065127,010091
065127,027902
065307,053231
065307,029083
065307,077224
069049,089987
069049,014830
069049,059403
069049,051992
069049,004851
069049,049315
069049,075040
069049,041229
069049,077592
069049,095905
065387,063132
063210,078401
048376,062391
048376,045665
048376,044651
048376,053322
048376,062369
048376,029475
048376,027929
006842,049808
006842,019211
006842,034707
006842,048338
006842,038996
058297,089598
058297,084507
058297,027062
058297,076889
058297,093215
058297,003363
058297,048080
073526,003352
073526,075132
073526,046527
073526,041603
096228,012052
086570,066227
086570,057766
086570,015100
086570,091926
086570,020829
086570,024150
089959,084704
044675,088654
044675,064359
044675,036471
044675,008329
044675,079659
044675,012181
014837,014830
014837,022604
014837,095489
014837,072874
014837,038799
048888,087440
024374,039764
024374,031131
024374,038112
024374,002134
024374,080318
024374,075160
024374,084442
024374,049011
024374,077578
024374,071972
098965,084507
098965,027062
098965,044085
098965,099390
098965,046827
098965,003363
085278,031427
085278,014558
032083,005798
032083,046409
033096,035282
033096,045406
033096,037834
033096,038112
033096,038825
033096,028861
033096,013034
084981,087166
084981,066415
084981,005560
036387,047572
036387,085732
036387,059519
065832,038264
065832,073452
065832,038112
065832,056344
065832,050846
065832,094096
099064,083449
099064,073416
099064,028393
099064,008428
099064,058602
099064,071367
099064,033402
099064,030978
099064,007939
099064,024601
099064,034708
099064,003968
099064,051489
099064,092743
099064,038112
099064,053331
099064,067215
099064,032139
099064,057881
099064,069900
099064,040375
020040,018381
036382,044333
036382,081030
036382,047647
036382,045782
036382,024116
056515,001025
056515,013757
056515,066461
056515,075095
056515,081190
056515,085320
056515,048667
056515,038270
052609,006513
052609,086745
052609,089195
091177,037429
094410,067831
019275,030455
019275,056874
019275,072642
019275,009051
019275,016852
019275,030723
019275,064694
083654,072229
083654,087835
083654,035205
083654,032566
083654,035585
083654,090567
083654,010026
083654,017143
083654,027823
083654,068174
083654,025478
083654,072753
083654,094438
083654,006380
083654,061295
083654,065661
083654,079981
074753,044567
074753,046212
074753,089326
074753,029728
074753,022376
051820,019001
051820,048251
051820,056693
051820,051717
051820,058938
051820,035004
074696,003907
074696,040347
074696,013990
074696,055072
074696,057294
074696,056811
074696,082827
011086,078018
011086,066269
011086,044484
011086,092148
011086,045401
011086,053101
003516,009347
003516,031321
003516,013551
003516,095448
003516,012554
003516,066071
003516,029460
003516,093846
003516,091543
003516,068397
003516,077413
049344,058989
049344,025707
049344,075446
049344,031599
081803,048203
081803,016332
081803,085818
081803,076832
081803,009539
081803,031191
081803,099474
081803,045665
081803,034187
081803,051812
081803,012451
006926,034516
006926,022701
006926,077882
006926,031058
006926,076174
006926,031867
006926,084638
006756,000798
006756,082919
006756,078071
006756,077096
006756,003175
073784,076048
073784,031407
073784,053540
073784,045412
073784,041897
073784,016005
076003,013230
076003,022814
076003,098878
076003,091483
076003,085503
076003,045584
076003,005585
076003,047201
010360,002619
010360,024664
043608,081559
043608,062470
043608,010206
036746,007800
036746,027464
013019,087842
005978,031884
005978,088140
005978,093753
005978,059221
017699,076732
017699,077154
017699,058706
017699,049134
017699,094214
017699,060853
017699,084144
017699,067881
017699,007436
017699,063624
017699,037120
017699,081718
052846,045008
052846,023328
052846,042450
052846,015594
052846,082866
052846,006155
052846,034273
052846,059224
052846,060590
052846,086795
052846,087948
024269,039509
024269,077368
024269,080075
024269,047484
024269,064299
024269,056011
030546,070346
016165,085548
016165,003243
016165,003243
016165,007780
016165,065702
050729,031745
050729,028825
033703,030375
002648,051157
055907,045056
045846,088089
045846,099862
068921,044618
068921,080121
068921,067301
040011,059640
040011,032761
040011,008522
040011,027992
004471,006957
004471,028727
004471,036145
004471,034408
004471,013428
004471,014765
004471,032752
004471,045285
004471,047664
004471,051624
004471,056011
004471,056845
082631,060501
082631,042723
082631,057109
082631,032629
082631,007786
082631,041704
095429,045009
095429,064407
095429,072827
095429,033125
095429,023095
095429,020170
092144,010526
092144,092979
092144,092703
092144,061363
092144,005651
092144,041155
092144,043981
092144,012990
074104,040999
074104,003338
074104,039031
079773,046128
079773,032629
079773,040331
079773,028827
079773,061153
079773,018164
079773,030199
079773,083393
080135,035402
085920,089980
085920,066780
085920,062259
085920,066252
085920,059938
085920,040964
066880,094445
072166,069682
007365,023275
007365,047201
031664,050180
002770,036145
002770,014765
002770,032752
002770,047664
002770,051624
002770,056011
002770,056845
078583,076777
016178,036232
016178,055753
082393,018009
082393,057495
049750,040331
076684,006069
076684,017639
002656,069854
002656,029943
002656,030552
002656,064085
002656,070693
002656,040594
031853,007811
031853,018521
031853,001893
031853,036096
031853,049493
031853,023981
031853,011904
031853,067875
031853,026774
031853,010080
031853,066323
057990,053542
057990,019185
057990,066829
076640,081946
076640,012869
076640,030940
018383,080510
018383,065005
018383,065005
018383,069405
018383,030980
018383,083650
081422,093851
081422,094254
081422,080156
081422,088089
081422,072635
081422,021733
081422,053972
021995,028919
021995,066243
021995,001571
021995,090639
021995,046156
021995,087572
021995,066941
088208,038593
088208,003138
088208,082319
088208,040526
002669,071821
002669,057661
002669,019379
002669,036584
002669,079102
074264,046274
055104,069682
055104,093851
055104,032764
055104,017126
055104,023159
055104,018746
055104,094254
055104,080156
055104,088089
055104,003340
055104,012831
055104,073012
055104,061232
055104,099862
055104,039954
055104,053972
023744,029146
032353,008522
032353,024664
083595,029204
083595,013224
083595,002512
083595,074913
083595,099167
083595,053705
000031,074681
000031,065212
000031,026067
000031,013059
000031,087019
000031,070067
000031,082701
000031,011771
000031,011771
089050,002795
089050,072567
089050,053303
089050,042832
096245,068014
096245,068014
096245,067869
086288,089980
086288,088366
094196,093851
094196,017126
094196,003622
094196,094254
094196,088089
050119,069682
050119,094445
050119,080156
050119,088089
050119,099862
012587,063565
012587,067129
012587,085500
012587,058681
012587,079988
080304,063950
067346,071901
087535,058589
087535,048074
087535,067022
087535,022377
087535,001505
018234,071233
018234,017359
018234,095669
018234,001348
018234,077541
048137,019017
048137,006018
048137,047227
048137,085304
048137,041451
048137,050522
048137,059917
048137,076092
048137,052896
048137,053413
017190,079819
017190,083231
017190,094979
030315,031959
030315,031918
029713,066798
050998,028919
050998,077314
050998,038987
050998,047160
030050,028189
033327,014993
069178,087999
069178,009888
069178,094680
069178,072721
069178,057895
069178,059607
069178,018243
069178,075654
039187,046914
030370,075840
030370,075345
030370,078615
030370,026914
030370,055432
030370,033158
052168,031665
052168,005021
052168,089051
052168,008011
052168,027321
052168,092885
005113,017744
005113,072304
005113,002266
005113,000343
005113,007864
005113,065842
005113,053417
005113,005021
005113,047774
005113,031950
005113,099321
005113,040715
005113,069122
005113,048400
005113,097335
024179,059638
024179,032629
024179,013926
020951,016195
020951,045595
020951,049763
020951,050439
020951,013837
020951,041038
020951,073141
020951,060692
020951,056215
020951,064463
056324,002619
056324,092047
056324,079726
056324,047817
056324,035855
056324,017186
079285,088068
079285,045071
079285,070234
083142,028317
083142,033872
083142,072737
017025,013164
017025,053577
017025,073370
099439,024113
099439,066490
099439,082939
099439,039169
092690,071754
092690,032629
092690,063051
092690,048840
092690,025983
092690,007345
085279,095301
085279,088734
085279,055789
085279,082154
085279,024153
056799,007307
056799,044982
027316,052686
027316,096361
027316,094445
027316,069561
027316,003622
027316,094254
027316,080156
027316,022738
027316,088089
027316,033950
027316,062154
027316,088859
027316,099862
027316,053972
037140,049398
037140,045624
037140,079134
085782,037565
085782,053732
085782,002697
085782,048916
085782,082986
085782,028143
085782,059224
085782,057114
085782,060278
085782,046459
076011,074145
076011,093851
076011,094445
076011,017126
076011,003622
076011,023159
076011,018746
076011,094254
076011,080156
076011,086001
076011,053972
099814,018746
099814,094254
099814,088089
099814,012831
099814,033950
099814,099862
099814,053972
042545,016769
042545,025476
042545,075333
084570,063489
084570,069761
084570,033743
084570,012346
084570,037744
084570,078640
041293,038686
041293,018521
041293,038706
041293,062820
041293,044952
041293,070059
041293,092047
041293,036880
041293,095843
041293,075219
093286,034597
093286,021347
093286,099229
093286,021664
093286,054499
093797,061535
093797,009092
093797,010480
093797,097518
052633,077879
052633,071968
052633,093763
052633,001224
052633,029830
052633,012703
024429,029204
024429,073119
024429,099167
024429,053705
066955,057680
066955,009794
074927,062228
074927,093851
074927,003622
074927,023159
074927,086001
074927,014104
074927,053972
034805,017130
034805,085548
034805,093279
034805,004715
034805,064191
034805,085326
034805,005021
034805,091680
093214,048772
093214,012277
096966,043895
096966,036145
096966,063659
096966,014765
096966,047664
096966,051624
096966,026774
096966,056011
096966,056845
003915,076539
003915,081232
003915,061854
003915,013417
003915,045975
089811,002581
035918,080741
035918,073717
035918,063950
035918,086877
035918,017782
035918,001224
035918,029830
035918,008782
035918,046649
035918,022138
035918,070989
020165,093851
020165,042609
020165,017126
020165,018746
020165,097875
020165,094254
020165,080156
020165,077099
020165,015684
020165,088089
020165,048688
020165,012831
020165,099075
020165,073012
020165,016603
020165,099862
020165,039954
020165,053972
055216,006957
055216,028727
055216,034408
055216,013428
055216,032752
055216,045285
055216,051624
033823,063135
033823,073801
033823,011770
099372,034005
099372,013550
089304,089876
089304,034039
089304,027189
089304,017705
089304,005770
058993,032131
058993,096510
058993,044456
058993,079134
058993,021479
058993,018611
058993,071728
060132,033367
021818,087057
021818,013935
021818,061153
024341,049224
024341,079631
087161,094941
087161,076793
087161,081167
087161,047415
087161,048610
087161,083534
087161,081884
087161,052787
059383,060501
059383,078935
059383,010575
059383,010185
059383,061882
049905,086071
049905,034072
049905,092499
049905,090376
049905,075338
099508,018920
089468,048711
089468,059646
089468,007225
092127,035495
092127,081545
092127,093350
092127,015022
092127,079775
092127,027992
092127,092379
011346,015538
011346,027350
011346,053732
011346,023347
011346,032058
011346,082986
011346,059901
011346,005958
011346,058355
011346,017265
011346,079174
011346,067331
025675,018075
025675,014533
025675,010050
005267,044837
039301,063549
039301,065999
039301,034704
039301,051695
039301,012070
039301,034273
039301,074279
039301,004800
039301,082127
070222,037000
070222,021683
095993,003425
010024,088232
010024,069189
050437,095131
050437,074596
050437,002364
039769,071525
039769,071525
039769,076034
006922,084125
043560,070664
043560,013353
043560,004231
043560,040927
007286,009667
007286,045225
007286,028727
007286,011624
007286,032752
007286,085326
007286,074279
007286,065469
026185,021529
026185,084276
026185,039977
026185,062470
026185,054872
026185,049015
067329,080730
067329,053542
067329,066829
067329,027525
067329,093382
067329,044267
067329,023310
067329,000054
067329,078959
067329,085301
067329,080671
001947,076853
001947,056075
001947,071525
001947,086556
088234,039132
088234,051903
088234,036981
088234,053351
088234,040993
088234,007054
088234,083115
035994,061769
035994,091789
035994,085919
077844,034144
077844,051685
045673,025163
028684,060582
028684,045009
028684,072827
028684,027136
028684,027525
028684,017282
028684,033125
028684,023310
028684,076296
028684,084929
032248,072542
032248,041774
032248,021980
032248,083109
074245,023347
074245,098057
074245,031425
074245,072854
074245,058307
074245,051898
074245,089349
074245,096494
074245,044216
074245,070807
074245,097680
074245,053613
074245,033670
074245,096082
074245,026385
074245,009825
074245,029987
074245,067331
074245,083109
074245,020740
074245,014108
068739,093038
068739,037435
068739,063638
068739,005021
068739,060330
068739,082598
068739,064799
068739,057495
035718,088089
085737,033235
085737,066524
085737,064822
085737,051273
023731,093770
012111,032629
055858,017744
055858,072304
055858,055093
055858,036945
006307,037807
006307,050849
006307,043025
006307,029766
040690,084324
040690,026154
040690,096709
040690,077221
040690,062422
074125,002357
010628,064667
010628,012839
051640,062072
051640,088342
051640,035530
051640,008419
051640,057622
051640,067288
081491,057196
081491,057196
081491,067660
081491,093848
022477,090917
022477,002117
022477,097619
022477,072967
022477,092323
052454,064341
052454,074080
030675,090123
030675,009288
015055,022855
015055,057070
015055,069067
015055,066347
015055,077562
015055,082357
015055,047244
015055,085516
015055,077712
069213,035587
069213,085492
069213,088885
069213,013847
069213,017411
069213,010990
069213,034861
069213,058875
069213,099329
051097,026595
051097,001621
051097,018029
051097,037920
051097,034633
051097,096091
051097,064027
013029,034150
013029,051464
013029,002532
081113,026049
081113,036232
081113,031202
081113,033145
081113,056253
081113,004346
081113,052654
081113,046361
081113,019289
068655,032107
068655,063006
068655,016961
068655,065756
068655,029744
043298,020085
043298,057561
043298,086473
037221,049146
037221,046045
067620,067205
067620,023347
067620,059901
067620,017265
067620,079174
089515,030030
089515,052525
089515,004975
089515,048128
089515,048840
041390,040999
041390,073717
041390,039031
041390,001953
073000,028279
073000,081181
073000,022012
073000,049170
073000,042731
073000,084405
073000,019782
073000,009359
073000,053046
073000,014029
073000,050439
073000,004845
073000,055387
073000,049789
073000,072828
073000,022465
073000,066809
073000,011428
073000,045071
073000,009580
073000,028878
073000,018611
057191,020085
057191,019379
057191,095523
057191,097817
057191,019195
021601,060501
021601,057109
021601,038737
021601,033772
021601,046045
021601,072352
021601,084543
021601,082634
050666,089855
050666,033171
007698,023974
007698,035671
007698,004448
007698,001934
007698,083109
007698,052117
027247,085894
028416,050969
028416,018026
028416,053361
028416,045501
028416,005584
028416,025183
028416,039471
028416,060148
028416,065607
028416,027068
028416,081834
028416,025435
028416,066884
002236,065255
002236,008012
002236,086870
002236,062434
002236,051130
002236,098704
002236,059360
002236,044896
002236,082659
002236,047946
002236,076886
002236,078607
002236,027849
002236,079816
002236,080261
002236,076168
086477,079020
086477,084785
086477,029382
086477,082308
086477,086402
049261,063547
022160,028666
022160,056781
098353,002127
098353,065078
098353,047563
098353,001514
098353,045070
098353,050081
098353,029424
098353,090172
098353,073785
098353,073785
098353,016417
098353,020155
087257,088181
087257,045670
087257,039135
087257,085341
087257,074115
087257,043179
087257,074434
087257,087450
097987,036813
097987,036084
042957,081007
042957,054392
081163,093968
008882,054271
008882,079258
008882,020599
008882,021269
008882,024718
008882,035191
031336,083834
031336,007483
031336,007483
039772,023783
039772,022362
039772,089664
039772,068305
061196,015021
061196,080780
061196,008120
075817,092186
075817,062663
075817,036935
075817,091097
075817,006801
075817,093062
075817,011570
075817,083999
075817,023741
075817,025673
075817,051020
016748,044698
016748,072139
016748,012737
016748,042013
016748,029174
021652,032912
021652,040092
045104,052719
045104,056700
000605,099980
000605,050847
000605,046598
000605,043182
000605,087402
000605,024300
000605,066142
066278,067428
066278,034050
066278,072343
066278,091805
066278,002432
066278,035174
066278,001706
066278,009887
066278,059378
066278,051517
066278,071395
066278,094773
066278,055245
066278,006809
066278,013166
066278,023484
066278,058456
066278,093575
066278,070457
006113,065677
006113,095654
006113,041472
006113,037362
006113,054782
006113,010548
014510,075703
014510,099836
014510,073347
014510,041374
014510,067504
014510,003184
014510,034178
046762,086891
046762,001414
046762,028077
046762,067714
067658,006519
067658,030153
067658,059798
067658,030256
067658,080067
067658,021897
067658,030098
067658,094206
067658,081254
031383,075343
031383,005674
031383,024978
031383,002948
031383,037423
031383,086143
031383,076103
031383,071401
074300,068828
074300,096135
036157,060685
036157,050440
036157,032166
047695,054614
047695,079986
047695,090758
047695,093150
047695,028739
047695,032538
047695,060179
049802,041441
097104,062339
089065,090429
089065,042174
089065,070407
007283,023111
007283,027068
022823,013658
022823,049021
022823,084053
002716,052000
002716,060204
002716,011680
002716,042290
002716,026950
002716,027529
002716,071345
002393,012781
002393,036067
002393,017566
002393,094015
002393,088392
045061,069665
045061,085437
045061,027996
045061,060981
045061,025826
045061,086540
045061,000866
083224,038912
083224,019855
083224,012067
080457,055052
080457,043597
080457,059291
080457,086023
080457,078607
071619,090282
071619,004859
071619,088566
003992,051980
003992,026003
003992,040997
003992,081741
003992,039038
050382,075560
050382,048819
050382,013651
050382,027806
017617,051916
017617,048038
017617,088949
017617,020730
076477,007569
076477,087881
076477,051130
076477,087560
076477,005239
076477,040663
076477,040663
076477,081254
040417,091805
040417,079020
040417,006221
040417,095459
040417,003796
040417,001747
040417,018621
040417,070773
040417,036969
049784,063530
049784,006476
049784,038096
098981,074921
098981,091720
098981,039174
098981,026562
098981,009532
098981,028169
098981,050081
098981,089882
023107,002070
023107,057476
023107,004945
057494,041666
017701,039227
017701,029817
017701,040837
017701,025630
017701,025812
074679,049823
074679,006954
074679,051581
001153,033537
001153,025781
001153,043794
001153,044212
001153,062274
001153,032530
001153,089265
055154,046302
055154,012781
055154,023140
055154,015814
055154,013179
055154,097086
055154,026986
055154,008240
055154,096135
055154,013899
055154,007163
055154,094784
055154,018525
055154,043587
022534,026051
022534,041441
022534,099836
022534,065312
022534,092950
022534,007807
022534,090805
022534,069267
050237,026915
050237,072343
050237,029072
050237,097786
050237,062264
050237,036740
046955,098047
046955,050017
046955,025183
046955,081110
046955,065078
046955,096135
046955,058201
046955,019069
046955,061838
046955,049718
046955,057616
045251,078234
045251,062663
045251,079258
045251,093062
045251,011570
045251,062043
045251,087485
045251,051020
031872,026188
031872,049934
031872,065018
031872,069335
031872,006725
032116,058965
010127,042475
010127,047946
010127,046523
078963,061918
078963,025271
078963,030097
078963,015619
078963,054403
078963,062663
078963,027280
078963,039689
078963,065296
078963,020336
078963,011570
078963,063644
078963,002967
078963,012788
078963,050924
078963,051020
066012,060402
066012,086716
066012,021870
066012,096135
066012,043544
045545,077064
045545,077064
045545,072786
045545,050167
045545,054993
045545,025277
045545,025277
088672,079807
074006,077885
074006,063677
074006,072575
074006,098337
074006,092747
094198,099836
094198,061508
094198,008005
094198,027095
094198,015365
094198,061416
094198,067545
094198,038489
094198,063366
085192,033358
085192,047149
085192,097447
042761,042480
042761,067911
061668,089481
061668,046935
061668,034675
061668,045073
061668,079177
016253,074925
016253,072771
016253,065312
016253,060745
016253,005264
016253,012377
094548,054239
094548,004210
006304,082479
006304,095660
006304,004634
006304,034132
006304,073819
006304,053443
006304,085605
006304,022394
006304,003459
033796,010270
090433,036935
090433,051195
090433,099402
076483,053642
076483,084251
076483,032583
076483,082098
076483,094719
076483,013694
076483,061783
076483,038096
076483,066884
065299,059887
065299,019569
065299,087872
050486,084255
050486,099836
050486,024472
050486,075560
050486,065296
050486,040639
050486,062698
005768,048016
005768,088356
087656,024579
087656,022607
020090,099836
020090,023830
020090,076343
020090,028628
020090,030890
020090,004391
024403,082480
097279,029827
097279,086378
097279,009748
070553,031656
085232,014660
085232,045761
085232,019253
025194,089328
025194,017036
025194,034024
025194,075560
025194,020917
021797,067900
021797,017120
006766,071679
004492,010963
004492,012364
089818,011699
089818,048142
089818,018067
089818,089540
089818,007323
089818,053534
089818,054550
089818,033449
089818,062156
089818,086777
089818,054189
089818,089714
089818,099140
089818,046872
089818,067036
089818,086321
089818,076292
090592,015054
090592,072413
090592,096991
090592,016309
090592,096135
090592,055464
090592,072858
090592,070482
090592,024065
090592,068031
090592,001781
095324,099726
004933,073968
004933,027411
099706,006346
099706,014486
099706,077574
099706,042480
099706,043427
031074,073159
038373,067428
038373,091886
038373,002432
038373,006221
038373,062264
038373,043073
038373,059378
038373,002639
038373,094773
038373,055245
038373,086886
038373,047162
038373,059173
038373,057433
038373,056433
005051,002914
005051,083614
005051,092133
046349,070886
046349,063218
046349,072726
046349,017675
046349,081877
046349,095868
046349,023441
046349,047594
046349,009743
036666,042174
036666,062663
036666,037271
036666,093062
036666,055373
036666,011570
036666,062043
036666,087485
036666,086905
036666,079737
036666,031331
054233,024384
031140,078468
031140,038957
031140,040320
031140,004069
086163,035755
086163,080787
025252,087485
089577,091106
027503,056430
027503,073546
003681,039317
031784,074925
031784,043143
031784,040840
031784,050597
031784,037914
012328,074921
009309,016697
009309,000252
009309,035486
009309,049262
009309,089172
058990,062663
058990,039689
058990,037271
058990,055373
058990,062043
058990,087485
058990,086905
020114,038480
091168,074163
091168,080257
049599,035767
049599,071334
030557,022157
030557,009076
052265,097086
052265,074925
052265,004078
052265,080049
052265,021905
052265,028398
052265,071388
052265,062577
073279,092367
039860,000149
039860,093580
039860,087279
039860,097694
015260,082788
066861,060193
066861,035263
066861,054870
066861,001471
066861,095697
066861,052514
066861,058774
097970,035694
097970,094403
078432,068668
001127,040177
056002,089540
056002,062156
056002,086777
056002,089714
056002,099140
056002,067036
056002,086321
037341,043014
037341,043014
037341,032489
037341,071583
041466,040468
041466,054510
041466,070464
041466,014770
044549,093167
016020,035263
016020,089989
016020,048566
016020,048566
016020,064690
016020,000263
016020,038739
016020,073606
016020,098886
016020,098886
016020,018431
016020,098567
016020,032943
016020,054656
016020,066464
016020,093486
016020,058774
005430,084035
005430,097687
005430,031193
024022,041379
024022,028628
024022,025457
024022,085032
024022,009575
024022,052957
024022,021905
024022,045084
024022,037914
024022,054304
033709,045313
033709,043465
033709,043587
025422,057046
